max,min,mean,std,median
0.7113680744168064,0.12115574074139622,0.3928782717120798,0.19667542775788227,0.40148641187369777
