max,min,mean,std,median
1.2512246311726256,0.19658930410379713,0.5151833697270582,0.3100190804524591,0.44638446975389207
